{
  "rotor_area": 0.7853981633974483,
  "blade_length": 0.5,
  "tsr": -197.23340827108763,
  "rpm": -22601.283745827965,
  "gear_ratio": 1.0,
  "generator_type": "Brushless",
  "cut_in": 2.5,
  "cut_out": 25.0
}